GeneName1	GeneName2	chr1	Breakpoint1	strand1	chr2	Breakpoint2	strand2	EnsemblGene1	EnsemblGene2	crossingreads	spanningreads	mean.insertsize	homology	fusiontype	InfoGene1	InfoGene2	JunctionSequence	GeneExpr1	GeneExpr2	GeneExpr_Fused	ES	GJS	US	EricScore
BGLU6	BGLU3	1	22224129	-	4	11709730	-	AT1G60270	AT4G22100	5	8	-73.5	AT4G27830 (50%), AT3G62740 (50%)	inter-chromosomal	Putative beta-glucosidase 6 [Source:UniProtKB/Swiss-Prot;Acc:Q682B4]	Beta-glucosidase 3 [Source:UniProtKB/Swiss-Prot;Acc:O65458]	gtgattttcctgagggattcgtctttggatcttccacttctgcttatcagTGGGAAGGAGCTTTTGATGAAGATGGAAGAAAACCTAGCGTCTGGGATAC	6.11	2.85	12.78	0.836	0.4825	0.625	0.970525442947695
		4	13839841	+	4	13839847	+	AT4G27740	AT4G27745	3	1	92		Read-Through	Protein yippee-like [Source:UniProtKB/TrEMBL;Acc:A0A178UUJ4]	Protein yippee-like [Source:UniProtKB/TrEMBL;Acc:A0A178V0E4]	tttttttttcttaaactatatagaaatttacagtaagaaattaaataatt0:4:1:18585056:1REFATGAAAAAGTATAAGAAAATATGAAGAGATT	67.29	8.44	26.75	0.9339	0.9676	0.333333333333333	0.952223054840129
RPS12C	RPS7-A	Pt	98642	-	Pt	97853	-	ATCG00905	ATCG00900	3	1	-18.69	ATCG01230 (50%), ATCG01240 (50%)	Read-Through	ribosomal protein S12C [Source:TAIR;Acc:ATCG00905]	30S ribosomal protein S7, chloroplastic [Source:UniProtKB/TrEMBL;Acc:Q6KGZ1]	aatttacaagaacattctgtagtcttagtaagagggggaagggttaaggaGAAACACGGAAAAAAATCATTGGCTTATCAAATTATCTATCGAGCCTTGA	1.71	17.81	1403.97	0.8514	0.9174	0.333333333333333	0.949828455914107
PAM68		4	10454515	+	4	10455944	-	AT4G19100	AT4G19110	4	5	-27.5		Cis	Protein PAM68, chloroplastic [Source:UniProtKB/Swiss-Prot;Acc:O49668]	Protein kinase superfamily protein [Source:UniProtKB/TrEMBL;Acc:F4JSF8]	atttctttaccgatcctaaagggtctgaattagtgaatagtatcaaatttTTGCAAACACAATAAACTATCAATTCCCTCAGNNNNNNNNNNNNNNNNNN	21.23	63.43	10.73	0.9479	0.701	0.8	0.946971355331227
RPL22	RPS3	Pt	83481	-	Pt	83480	-	ATCG00810	ATCG00800	1581	931	98.14		Read-Through	50S ribosomal protein L22, chloroplastic [Source:UniProtKB/Swiss-Prot;Acc:P56795]	30S ribosomal protein S3, chloroplastic [Source:UniProtKB/Swiss-Prot;Acc:P56798]	tgaaaacagaaatctaacatgttatgatacatatagtagtggaggcctatGGGACAAAAAATAAATCCACTTGGTTTCAGACTTGGTACAACCCAAAGTC	331.34	721.76	579.42	0.9222	0.6787	0.588867805186591	0.927163324180834
RPL24B	MPK20	3	19661902	-	2	17844336	-	AT3G53020	AT2G42880	7	3	-41.2		inter-chromosomal	60S ribosomal protein L24-2 [Source:UniProtKB/Swiss-Prot;Acc:P38666]	Mitogen-activated protein kinase 20 [Source:UniProtKB/Swiss-Prot;Acc:Q9SJG9]	ggaggaagaagacgaagaagaagaggagcagctactaccatggttctcaaCTCTCTCTCTCTCTCTCTGTATCCCTTGTGTGTCGGTGATCAGATCTCGT	101.73	43.03	712.18	0.8173	0.8415	0.428571428571429	0.923500292902944
CCD1	BB	3	23453587	+	3	23458362	-	AT3G63520	AT3G63530	7	2	21.27		Cis	Carotenoid 9,10(9',10')-cleavage dioxygenase 1 [Source:UniProtKB/Swiss-Prot;Acc:O65572]	BB2 [Source:UniProtKB/TrEMBL;Acc:A0A178VG02]	atgattcatggggtacgcatcaaagatgggaaagctacttatgtttctcgTNNNNNCCTCCGTCTCTCGTCTACAGTGCCCTCCGCATCACCTTTTTCCT	80.28	3.37	16.3	0.9427	0.9319	0.285714285714286	0.913374722837563
PSBC	PSBD	Pt	34153	+	Pt	33186	+	ATCG00280	ATCG00270	8	1	62.84		Read-Through	Photosystem II CP43 reaction center protein [Source:UniProtKB/TrEMBL;Acc:A0A1B1W4T4]	Photosystem II D2 protein [Source:UniProtKB/Swiss-Prot;Acc:P56761]	ggtatttatcatgcacttctgggacccgaaactcttgaagaatcttttccTAATTTATCCACTAGGTCAATCTGGTTGGTTCTTTGCGCCTAGTTTTGGT	83.14	1282.7	6010.12	0.9399	0.9451	0.125	0.858280572891982
BRIZ2		2	11083763	+	2	3446183	-	AT2G26000	AT2G07815	4	44	44.95		intra-chromosomal	At2g26000 [Source:UniProtKB/TrEMBL;Acc:O80996]	BEST Arabidopsis thaliana protein match is: cytochrome C biogenesis 452 (TAIR:ATMG00180.1); Ha. [Source:TAIR;Acc:AT2G07815]	caacggagaatctctggatgtgtgttatctgtggggttgttggctgcggaGAAGAGAGAATCCCCATTGCTGTAACCCGGGTTGCTTTCAGCCTAGCTTG	5.58	45.47	22.94	0	0.1354	0.0909090909090909	0.85562091809495
ESM1	PSBA	3	4729802	+	Pt	1444	-	AT3G14210	ATCG00020	4	58	2.66		inter-chromosomal	GDSL esterase/lipase ESM1 [Source:UniProtKB/Swiss-Prot;Acc:Q9LJG3]	Photosystem II protein D1 [Source:UniProtKB/Swiss-Prot;Acc:P83755]	ttttcaaagaagttacatttactttactatcttactataaattactaactATGACTGCAATTTTAGAGAGACGCGAAAGCGAAAGCCTATGGGGTCGCTT	504.95	3894.69	44.32	0.0834	0.1432	0.0689655172413793	0.853987061288595
		2	3348388	+	2	3351212	-	AT2G07785	AT2G07599	28	2	73.06	AT2G07696 (51%), ATMG01275 (50%)	Cis	NADH dehydrogenase family protein [Source:UniProtKB/TrEMBL;Acc:Q3EC42]	unknown protein; BEST Arabidopsis thaliana protein match is: unknown protein (TAIR:ATMG01040.1). [Source:TAIR;Acc:AT2G07599]	gggctactttatttgtttgccatatcttcgctaggtgtttatggaattatCATTGAGTTAGAGGAATCCATAGGAGGCCCACCCGTTATGCATTGCATGA	78.99	79.81	18.32	0.2836	0.1811	0.0714285714285714	0.847022138617742
	CCB256	2	3241917	-	Mt	240578	-	AT2G07773	ATMG00900	60	3	86.33	AT2G07771 (56%), AT2G07681 (56%)	inter-chromosomal	unknown protein; BEST Arabidopsis thaliana protein match is: unknown protein (TAIR:ATMG00910.1); Ha. [Source:TAIR;Acc:AT2G07773]	Putative cytochrome c biosynthesis ccmC-like mitochondrial protein [Source:UniProtKB/TrEMBL;Acc:F4IL76]	atgagaagtttgtatgatccagatgttttgaaggcgtgtttgcccctgtgGCTCGGATGAGTATTATTGTTTATATCGCCACGGCTATAAACACTTTCTT	23.99	0	6.57	0.0909	0.1581	0.05	0.829926295529315
BAM3	PSBA	4	9607156	-	Pt	1423	-	AT4G17090	ATCG00020	4	4	-2.35		inter-chromosomal	Beta-amylase 3, chloroplastic [Source:UniProtKB/Swiss-Prot;Acc:O23553]	Photosystem II protein D1 [Source:UniProtKB/Swiss-Prot;Acc:P83755]	gatgccaagagttctagaaaccaagaaagttcctccaacaacatgaccttCGCGAAAGCGAAAGCCTATGGGGTCGCTTCTGTAACTGGATAACTAGCAC	396.75	3894.69	18.52	0.8627	0.4558	1	0.805431431503195
PSBD	PSBC	Pt	33618	+	Pt	33940	+	ATCG00270	ATCG00280	4493	5	91.22	AT2G07738 (35%)	Read-Through	Photosystem II D2 protein [Source:UniProtKB/Swiss-Prot;Acc:P56761]	Photosystem II CP43 reaction center protein [Source:UniProtKB/TrEMBL;Acc:A0A1B1W4T4]	gtagtcggtttagctttgaacctacgtgcctatgacttcgtttcccaggaATTTTGTACCTGAAAAGCCCATGTATGAACAAGGATTAATTTTACTTCCC	1282.7	83.14	24312.26	0.212	0.2208	0.00111284219897619	0.790165272569861
RPL33	RPS18	Pt	67664	+	Pt	68016	+	ATCG00640	ATCG00650	10	2	-17.3		Read-Through	50S ribosomal protein L33, chloroplastic [Source:UniProtKB/Swiss-Prot;Acc:P56796]	30S ribosomal protein S18, chloroplastic [Source:UniProtKB/Swiss-Prot;Acc:P56807]	ctagtcgattggaattgagaaaattctgtccctattgttataaacatacaAGTTTAATTAGTCGATTTATTAGTGAACAAGGAAAAATATTATCTAGACG	346	0	32.53	0.9077	1	0.2	0.775971438782748
CLPP1	RPS12A	Pt	70664	-	Pt	69724	-	ATCG00670	ATCG00065	330	15	16.48		Read-Through	plastid-encoded CLP P [Source:TAIR;Acc:ATCG00670]	ribosomal protein S12A [Source:TAIR;Acc:ATCG00065]	aatagcatcctttatcctagtcggaggagcaattaccaaacgtatagcatATGCCAACCATTAAACAACTTATTAGAAATACAAGACAGCCAATCCGAAA	8039.46	76.69	9724.86	0.193	0.1615	0.0454545454545455	0.771068561213848
ORF294	ATP1	Mt	304413	-	Mt	303689	-	ATMG01200	ATMG01190	130	4	7.56	AT2G07698 (50%)	Read-Through	Uncharacterized mitochondrial protein AtMg01200 [Source:UniProtKB/Swiss-Prot;Acc:P92550]	ATP synthase subunit alpha [Source:UniProtKB/TrEMBL;Acc:G1C2Z0]	tatagcttcttcatggcaggggtgttcttgttttatggtttcggggaattATGGAATTATCTCCTAGAGCTGCGGAACTAACGAATCTATTCGAAAGTCG	8.88	15.93	101.33	0.2026	0.1904	0.0307692307692308	0.768275640334367
		2	18702168	-	2	18660704	+	AT2G45380	AT2G45243	7	2	-12		intra-chromosomal	FUNCTIONS IN: molecular_function unknown; INVOLVED IN: biological_process unknown; LOCATED IN: cellular_component unknown; EXPRESSED IN: inflorescence meristem, flower, cultured cell; EXPRESSED DURING: petal differentiation and expansion stage; BEST /.../dopsis thaliana protein match is: Calcium-binding EF-hand family protein (TAIR:AT4G34070.1); Ha. [Source:TAIR;Acc:AT2G45380]		nntttattatctttcttattttctcaactttgtgtgatttcaactcacaa:1:19698289:1REFCAACTTTTATATTTTACTCTGCTGCTTCGAGATC	13.63	1.16	0.87	0.9237	0.9906	0.285714285714286	0.750766515463868
RPL32	HA2	Pt	113607	+	4	14776247	-	ATCG01020	AT4G30190	4	33	-15.82		inter-chromosomal	50S ribosomal protein L32, chloroplastic [Source:UniProtKB/Swiss-Prot;Acc:P61847]	Plasma membrane ATPase [Source:UniProtKB/TrEMBL;Acc:F4JPJ7]	cactttctacaggtaattcaaaaagtttttttgtacagcaaaataaataaGTTCATAAGCCAAAAATATTACATTAATCAACGGTCAAAGGGTGANNNNN	9.76	254.18	61.62	0.9147	0.6129	0.121212121212121	0.747776582713487
OASB		2	18131787	-	2	18129841	-	AT2G43750	AT2G43745	38	2	81.84		Read-Through	Cysteine synthase [Source:UniProtKB/TrEMBL;Acc:Q0WW95]	BEST Arabidopsis thaliana protein match is: Mannose-binding lectin superfamily protein (TAIR:AT2G43730.1); Ha. [Source:TAIR;Acc:AT2G43745]	agtgttgctgctaagcttgagatcatggaaccatgttgcagtgtcaaggaGAACAAGAGAGGAGCTTATTATTCAATTACTATAGCCCAACGTAGGGAAT	61.61	0.3	87.48	0.1332	0.1705	0.0526315789473684	0.739432272791371
RFS2	PSBA	3	21292535	-	Pt	1444	-	AT3G57520	ATCG00020	6	1	47.14		inter-chromosomal	Probable galactinol--sucrose galactosyltransferase 2 [Source:UniProtKB/Swiss-Prot;Acc:Q94A08]	Photosystem II protein D1 [Source:UniProtKB/Swiss-Prot;Acc:P83755]	tggattcgtttccggttcatttataggcgcgacgtttgaacaaagcaagaATGACTGCAATTTTAGAGAGACGCGAAAGCGAAAGCCTATGGGGTCGCTT	662.26	3894.69	174.24	0.0465	0.1464	0.166666666666667	0.732460496677385
GSTF10	PBL27	2	13142408	+	5	6195170	+	AT2G30870	AT5G18610	4	28	-25.63		inter-chromosomal	Glutathione S-transferase F10 [Source:UniProtKB/Swiss-Prot;Acc:P42761]	Serine/threonine-protein kinase PBL27 [Source:UniProtKB/Swiss-Prot;Acc:Q1PDV6]	ggaggtttccgctaagtactcactacctgtttaaacaaggagatgttgacATGGGGATTAAGCGATTTGGAAGGGCAAGAATCACAGNNNNNNNNNNNNN	659.38	6.19	3893.76	0.742	0.6997	0.142857142857143	0.72909023517032
		2	3246500	-	2	3245347	+	AT2G07776	AT2G07655	11	2	36.8		Cis	Uncharacterized mitochondrial protein AtMg00530 [Source:UniProtKB/Swiss-Prot;Acc:P93308]		agggcaagggggagaacatgtagcggcttgcctagatctcgtatttcccaCCCGCCATTCTTGTAACCGTCACCTGTAATCCGCGCGGGTGTGTCCGCAC	21.13	61.33	24.03	0.0235	0.1409	0.181818181818182	0.727273332242924
ACHT2	TPPI	4	14535515	-	5	3160439	+	AT4G29670	AT5G10100	7	1	59.36		inter-chromosomal	Thioredoxin-like 2-2, chloroplastic [Source:UniProtKB/Swiss-Prot;Acc:Q8LCT3]	Trehalose 6-phosphate phosphatase [Source:UniProtKB/TrEMBL;Acc:A0A178UDH6]	tcatgtgaggttgcataagtctcatttccatagttttggggtaaatttatTTTTTGTAAAAAAAAAAAAAAAAAAAAAAAAAAAAAAAAAAAAAAAAANN	41.49	0	26	0.0465	0.1464	0.142857142857143	0.727273332242924
GWD1	PSBA	1	3588143	-	Pt	1444	-	AT1G10760	ATCG00020	3	3	13.87		inter-chromosomal	Alpha-glucan water dikinase 1, chloroplastic [Source:UniProtKB/Swiss-Prot;Acc:Q9SAC6]	Photosystem II protein D1 [Source:UniProtKB/Swiss-Prot;Acc:P83755]	atgggacatcatccagtggacgggaggaaaagaaaaaagtttccaagcaaATGACTGCAATTTTAGAGAGACGCGAAAGCGAAAGCCTATGGGGTCGCTT	223.22	3894.69	483.83	0.8114	0.5852	1	0.711114454255897
	NAD2A	2	3447788	+	Mt	81297	-	AT2G07725	ATMG00285	40	3	38.22		inter-chromosomal	At2g07725 [Source:UniProtKB/TrEMBL;Acc:Q6NMS1]	NADH dehydrogenase 2A [Source:TAIR;Acc:ATMG00285]	aggaaagtggtatggatgtttggagctcaatccatcgaattcactcgcttATGAAAGCAGAATTCGTTCGGATCCTCCCACACATGTTCAATCTTTTTTT	484.63	233.47	5.69	-0.0488	0.125	0.075	0.707919582093507
RPS18	PSBA	Pt	68222	+	Pt	1444	-	ATCG00650	ATCG00020	8	1	32.68		intra-chromosomal	30S ribosomal protein S18, chloroplastic [Source:UniProtKB/Swiss-Prot;Acc:P56807]	Photosystem II protein D1 [Source:UniProtKB/Swiss-Prot;Acc:P83755]	gaagtgagtcgactcctagaactactagtcttagaaccagaaaaaaatagATGACTGCAATTTTAGAGAGACGCGAAAGCGAAAGCCTATGGGGTCGCTT	0	3894.69	5.96	0.1332	0.1705	0.125	0.707919582093507
LECRK43	PSBA	4	1061570	-	Pt	1392	-	AT4G02410	ATCG00020	3	8	-21.66		inter-chromosomal	L-type lectin-domain containing receptor kinase IV.3 [Source:UniProtKB/Swiss-Prot;Acc:O81292]	Photosystem II protein D1 [Source:UniProtKB/Swiss-Prot;Acc:P83755]	caatataaatagtttgacctcggttaaaagctcgctggttgggtattgggGTAACTGGATAACTAGCACTGAAAACCGTCTTTACATTGGATGGTTTGGT	25.98	3894.69	27.86	0.212	0.1932	0.375	0.695233499147038
	HXK1	4	14351460	+	4	14352471	-	AT4G29120	AT4G29130	3	1	57.77		Cis	Probable 3-hydroxyisobutyrate dehydrogenase-like 1, mitochondrial [Source:UniProtKB/Swiss-Prot;Acc:Q9SZE1]	HXK1 [Source:UniProtKB/TrEMBL;Acc:A0A384KTL6]	tagatccgttgttttcgttaatgggtaaagtcaacttcatgggaacaagtTGGAGAGCTCACTAAAAGAGTTGCTTGGAGATGAAGCTTCAGGAAGCGTT	17.7	49.54	27.14	0.2487	0.2117	0.333333333333333	0.685956718464794
	ycf2-B	2	2352052	+	Pt	150660	-	AT2G06025	ATCG01280	4	1	74.37	ATCG00860 (50%)	inter-chromosomal	Acyl-CoA N-acyltransferases (NAT) superfamily protein [Source:UniProtKB/TrEMBL;Acc:Q8GUT5]	Protein Ycf2 [Source:UniProtKB/TrEMBL;Acc:A0A1B1W513]	gtcatgtaaagtatagtgtgaaatgtgtgtgtgtggggggattaagtccaCTGGGTTCGAATCCTACTGAGAGGTCCACTAGGGATCAGAAATTGTTGAA	13.88	0.09	31.26	0	0.1354	0.25	0.683412301254831
RPL33	RBCL	Pt	67665	+	Pt	54985	+	ATCG00640	ATCG00490	5	1	-11.69		intra-chromosomal	50S ribosomal protein L33, chloroplastic [Source:UniProtKB/Swiss-Prot;Acc:P56796]	Ribulose bisphosphate carboxylase large chain [Source:UniProtKB/Swiss-Prot;Acc:O03042]	tagtcgattggaattgagaaaattctgtccctattgttataaacatacaaAGTGTTGGGTTCAAAGCTGGTGTTAAAGAGTATAAATTGACTTACTATAC	346	7258.9	30.64	0.0465	0.1464	0.2	0.683412301254831
ORF240A		Mt	204204	-	2	3433640	-	ATMG00690	AT2G07719	3	2	-31.13		inter-chromosomal	hypothetical protein [Source:TAIR;Acc:ATMG00690]	Uncharacterized mitochondrial protein AtMg00610 [Source:UniProtKB/Swiss-Prot;Acc:P93316]	acacggaaactcagactttcgagaacaaatattgtaccgggaagaaaaaaTGGACTAGATAGAGAACTCGCGGAGTGGGGGTTCCTATTAGCTTCGCAGC	112.92	41.52	60.98	0.6495	0.529	0.666666666666667	0.585235504196123
PSBC	PSAB	Pt	34539	+	Pt	37695	-	ATCG00280	ATCG00340	7	1	71.62		intra-chromosomal	Photosystem II CP43 reaction center protein [Source:UniProtKB/TrEMBL;Acc:A0A1B1W4T4]	Photosystem I P700 chlorophyll a apoprotein A2 [Source:UniProtKB/TrEMBL;Acc:A0A1B1W4U2]	tgcatgggctcgccgcgcacttgtatggtctggggaggcttacttgtcttTCACAACTTATCAATGGATATAACCCGTTTGGTATGAATAGTTTATCAGT	83.14	4051.83	40228.42	0.1332	0.1705	0.142857142857143	0.570197200756711
PETD	PSBA	Pt	77493	+	Pt	1444	-	ATCG00730	ATCG00020	11	2	18.32		intra-chromosomal	Cytochrome b6-f complex subunit 4 [Source:UniProtKB/Swiss-Prot;Acc:P56774]	Photosystem II protein D1 [Source:UniProtKB/Swiss-Prot;Acc:P83755]	tcaaatacttcgtacagtgcctaacaaattattgggtgttcttttaatggATGACTGCAATTTTAGAGAGACGCGAAAGCGAAAGCCTATGGGGTCGCTT	1333.06	3894.69	2441.4	0.0909	0.1581	0.181818181818182	0.570197200756711
	PSBA	2	19595941	+	Pt	1435	-	AT2G47850	ATCG00020	3	4	0.45		inter-chromosomal	Zinc finger CCCH domain-containing protein 32 [Source:UniProtKB/Swiss-Prot;Acc:Q84W91]	Photosystem II protein D1 [Source:UniProtKB/Swiss-Prot;Acc:P83755]	ggtgagaggagtttttactagtatcttttttactgtacaccaaatccntgATTTTAGAGAGACGCGAAAGCGAAAGCCTATGGGGTCGCTTCTGTAACTG	9.3	3894.69	6.31	0	0.1354	0.75	0.541556323285701
CCB382		Mt	231933	-	2	3451101	+	ATMG00830	AT2G07727	72	13	92.23	ATMG00220 (50%)	inter-chromosomal	CcmFN1 [Source:UniProtKB/TrEMBL;Acc:G1C2S2]	Di-haem cytochrome, transmembrane;Cytochrome b/b6, C-terminal [Source:TAIR;Acc:AT2G07727]	gaagcccgctcatgctgcttcggcggcgctttttcgccttctcttcgttcGGGGCTGGTTGCTCCGTTATATGCATGCTAATGGGGCAAGTATGTTTCTT	61.51	216.48	82.08	0.2921	0.195	0.180555555555556	0.527801524518966
CEMA	PSBA	Pt	61142	+	Pt	1411	-	ATCG00530	ATCG00020	4	26	59.83		intra-chromosomal	envelope membrane protein, chloroplastic [Source:UniProtKB/TrEMBL;Acc:A0A1B1W4V5]	Photosystem II protein D1 [Source:UniProtKB/Swiss-Prot;Acc:P83755]	ttattctaagtggttattccttttggggtaaggaaaagctttttattctgAGCCTATGGGGTCGCTTCTGTAACTGGATAACTAGCACTGAAAACCGTCT	507.33	3894.69	94.7	0.1009	0.1714	0.153846153846154	0.527801524518966
LHCB4.1	PSBA	5	209129	+	Pt	1353	-	AT5G01530	ATCG00020	6	4	-31.97		inter-chromosomal	Chlorophyll a-b binding protein CP29.1, chloroplastic [Source:UniProtKB/Swiss-Prot;Acc:Q07473]	Photosystem II protein D1 [Source:UniProtKB/Swiss-Prot;Acc:P83755]	ggagatggccgcaacatccgccgctgctgcagctgcttcttccatcatggGATGGTTTGGTGTTTTGATGATCCCTACCTTATTGACCGCAACTTCTGTT	467.14	3894.69	12.88	0.1332	0.1705	0.666666666666667	0.515275509820531
		5	25283666	-	5	25281698	+	AT5G63020	AT5G63010	3	2	81.24		Cis	Probable disease resistance protein At5g63020 [Source:UniProtKB/Swiss-Prot;Acc:Q8RXS5]	Transducin/WD40 repeat-like superfamily protein [Source:UniProtKB/TrEMBL;Acc:Q9FM51]	atcttacggttctacgagtaatttcagcgagtgacctgaaagaagtaataCNNCGGGGAAAAAATTGGTGACAAGAGCAGAGAGAGTCGCCATGGACGCA	32.14	3.89	18.51	0.3791	0.2763	0.666666666666667	0.515275509820531
CLPX1	PSBA	5	21646294	+	Pt	1427	-	AT5G53350	ATCG00020	3	1	54.93		inter-chromosomal	CLPX [Source:UniProtKB/TrEMBL;Acc:A0A178USB7]	Photosystem II protein D1 [Source:UniProtKB/Swiss-Prot;Acc:P83755]	aggacatactcttcatatgtggtggtgcttttgtagacatgactgcaattGAGACGCGAAAGCGAAAGCCTATGGGGTCGCTTCTGTAACTGGATAACTA	107.15	3894.69	178.11	0.0909	0.1581	0.333333333333333	0.506178887573271
